Countries,Population,Total,Certain infectious and parasitic diseases,Neoplasms,Diseases of blood and disorders of immune mechanism,Endocrine nutritional and metabolic diseases,Mental and behavioural disorders,Diseases of the nervous system,Diseases of the eye and adnexa,Diseases of the ear and mastoid process,Diseases of the circulatory system,Diseases of the respiratory system,Diseases of the digestive system,Diseases of the skin and subcutaneous tissue,Diseases of the musculoskeletal system and connective tissue,Diseases of the genitourinary system,Pregnancy childbirth and the puerperium,Conditions originating in the perinatal period,Congenital malformations deformations and  abnormalities,Symptoms signs and abnormal clinical and laboratory findings,External causes of morbidity and mortality,Intestinal infectious diseases,Tuberculosis,Tetanus,Diphtheria,Whooping cough,Meningococcal infection,Septicaemia,Infections with a predominantly sexual mode of transmission (excluding HIV),Poliomyelitis,Measles,Viral hepatitis,Human immunodeficiency virus [HIV] disease,Malaria,Total of malignant neoplams,Malignant neoplasm of lip oral cavity and pharynx,Malignant neoplasm of oesophagus,Malignant neoplasm of stomach,Malignant neoplasm of colon rectosigmoid junction rectum anus and anal canal,Malignant neoplasm of liver and intrahepatic bile ducts,Malignant neoplasm of pancreas,Malignant neoplasm of trachea bronchus and lung,Melanoma and other skin cancers,Malignant neoplasm of  breast,Malignant neoplasm of cervix uteri,Malignant neoplasm of corpus uteri,Malignant neoplasm of ovary,Malignant neoplasm of prostate,Malignant neoplasm of bladder,Malignant neoplasm of lymphomas and multiple myeloma,Leukaemia,Benign neoplasms,Anaemias,Diabetes mellitus,Malnutrition,Alzheimer and other dementias,Acute rheumatic fever and chronic rheumatic heart diseases,Hypertensive diseases,Ischaemic heart diseases,Cerebrovascular diseases,Diseases of arteries arterioles and capillaries,Influenza,Pneumonia,Chronic lower respiratory diseases,Gastric and duodenal ulcer,Diseases of the liver,Disorders of kidney and ureter,Hyperplasia of prostate,Pregnancy with abortive outcome,Other direct obstetric causes,Indirect obstetric causes,Transport accidents,Falls,Accidental drowning and submersion,Exposure to smoke fire and flames,Accidental poisoning by and exposure to noxious substances,Intentional self-harm,Assault,All other external causes
Albania,2970021,14528,64,2457,,,56,397,3,4,7720,590,286,3,31,250,5,50,81,1431,964,2,9,1,0,0,0,8,0,1,0,3,1,0,2268,79,23,307,108,,117,515,24,124,24,34,15,126,0,46,73,189,31,64,2,54,26,125,2227,2792,200,14,188,298,19,177,214,4,0,5,0,269,38,35,7,60,124,86,345 
Anguilla,,,,,,,,,,,,,,,,,,,,,,,,,,,,,,,,,,,,,,,,,,,,,,,,,,,,,,,,,,,,,,,,,,,,,,,,,,,,,,, 
Antigua and Barbuda,84397,484,21,94,13,44,0,13,0,0,159,31,21,6,2,7,1,13,8,14,37,1,1,0,0,0,0,9,0,0,0,0,10,0,94,2,6,4,9,4,3,7,0,10,4,4,3,21,0,2,4,0,8,35,2,3,0,27,53,38,3,0,4,4,2,6,0,1,0,1,0,3,1,3,2,0,1,0,27 
Argentina,39969903,313772,14534,59813,1066,12039,2581,4626,1,3,94798,48115,12984,1064,799,9598,332,4509,2576,24680,19461,345,686,5,0,44,26,11092,24,5,0,179,1414,1,57296,844,1939,2825,6434,1808,3680,8792,760,5368,994,1497,1133,3959,1294,2083,1830,2517,738,8766,1213,2882,174,5226,19465,19968,3104,24,18273,5680,352,4985,7541,45,72,152,78,4315,329,562,484,343,2955,1736,8737 
Armenia,,,,,,,,,,,,,,,,,,,,,,,,,,,,,,,,,,,,,,,,,,,,,,,,,,,,,,,,,,,,,,,,,,,,,,,,,,,,,,, 
Aruba,101218,536,20,158,2,40,2,10,0,0,161,23,17,6,0,6,0,2,1,44,44,1,1,0,0,0,0,13,0,0,0,0,3,0,157,7,4,7,11,5,4,17,4,19,3,3,4,19,0,7,5,1,1,34,1,3,0,26,41,40,3,0,10,3,1,6,6,0,0,0,0,18,1,8,0,1,8,3,5 
Australia,21072452,137854,1857,40331,483,5380,5691,5485,3,3,46958,11623,4804,364,1105,3331,6,587,595,1016,8232,89,52,1,0,0,8,1099,3,12,0,105,87,0,39364,677,1098,1132,4112,1109,2252,7635,1728,2683,208,338,850,2939,928,2136,1472,967,210,3818,64,7519,257,1640,22956,11505,2293,73,2561,5787,339,1451,2720,40,1,5,0,1715,1337,191,72,765,2229,219,1704 
Austria,8295189,74625,564,19520,143,4063,677,2163,1,2,32864,4552,3294,78,290,1043,3,160,222,769,4217,68,47,0,1,0,4,62,1,7,0,232,62,1,18966,453,312,934,2210,774,1379,3430,352,1531,164,273,480,1066,478,872,724,554,70,3115,2,856,174,2826,15093,5423,1818,6,1342,2818,210,1640,915,6,0,3,0,702,821,75,27,41,1285,52,1214 
Azerbaijan,8581300,50439,419,5032,153,789,28,1420,3,0,27644,3067,3328,8,11,1172,30,710,163,4197,2265,34,291,2,0,0,0,47,2,1,0,14,0,0,5019,78,225,608,223,260,110,547,31,251,67,69,53,100,66,114,136,13,127,748,16,7,31,590,6075,9089,158,6,1126,294,42,2704,1138,29,0,24,6,87,23,62,20,23,55,19,1976 
Bahamas,342259,1798,189,319,15,122,12,41,0,0,563,87,80,22,14,25,4,45,14,32,214,2,3,0,0,0,0,48,0,1,0,1,133,0,313,7,3,15,27,14,16,26,2,44,12,10,8,42,2,17,7,6,12,97,6,15,1,143,127,127,17,0,45,23,10,39,13,1,1,3,0,53,3,31,0,0,5,83,39 
Bahrain,1039300,2270,69,240,36,250,6,48,0,0,614,173,61,23,8,104,3,50,60,300,225,7,8,0,0,0,0,37,0,0,0,11,5,0,229,8,3,10,18,12,9,37,2,28,2,4,3,12,11,18,9,11,29,223,1,3,3,169,111,63,10,0,47,61,6,20,84,0,0,3,0,100,0,0,0,0,40,0,85 
Barbados,276154,2362,106,441,29,301,16,51,0,0,723,238,83,69,8,100,0,27,7,45,118,6,3,2,0,0,1,57,1,0,0,1,23,0,433,12,11,15,47,10,17,18,1,48,7,16,11,87,7,25,10,8,18,263,1,22,0,116,179,242,31,0,116,20,7,26,32,3,0,0,0,31,1,14,4,1,0,30,37 
Belarus,9702116,132993,1262,18171,66,517,676,985,1,12,70318,4682,4519,62,182,1056,7,238,285,15595,14359,3,890,0,0,0,16,86,0,0,0,34,145,0,17941,704,349,2377,2047,328,731,3252,,1323,358,309,483,765,412,472,688,230,40,414,12,,466,769,47533,17811,,0,792,3426,246,2815,,,0,3,4,1920,1105,1056,677,3347,2663,657,2934 
Belgium,10625701,101384,2222,27556,343,2582,3431,3982,0,2,33082,11333,4610,286,401,2000,7,247,236,2644,6420,232,84,0,0,0,15,1095,2,9,0,109,49,0,26594,487,687,801,2984,725,1468,6417,423,2365,162,346,709,1380,815,1220,836,962,179,1618,132,4844,293,960,10275,7388,1491,103,3760,4821,285,1362,1383,19,0,7,0,1146,1216,78,85,226,1857,157,1655 
Belize,298403,1386,131,183,16,137,1,40,0,0,324,106,67,3,2,36,2,55,25,30,228,11,8,0,0,0,0,31,0,0,0,0,79,0,182,0,2,17,12,19,7,18,2,8,14,5,2,25,3,6,7,1,10,108,11,2,3,66,80,74,11,0,57,31,3,48,32,1,1,1,0,64,2,17,4,2,8,35,96 
Bermuda,,447,9,104,3,26,1,17,0,0,196,22,9,1,1,5,0,2,3,27,21,2,0,0,0,0,0,4,0,0,0,0,3,0,100,1,2,5,11,3,1,20,1,10,3,2,1,12,4,5,5,4,1,22,0,11,1,9,91,37,19,0,9,8,3,3,5,0,0,0,0,12,3,4,0,0,1,0,1 
Bolivia,,,,,,,,,,,,,,,,,,,,,,,,,,,,,,,,,,,,,,,,,,,,,,,,,,,,,,,,,,,,,,,,,,,,,,,,,,,,,,, 
Bosnia and Herzegovina,,,,,,,,,,,,,,,,,,,,,,,,,,,,,,,,,,,,,,,,,,,,,,,,,,,,,,,,,,,,,,,,,,,,,,,,,,,,,,, 
Brazil,192784521,1047827,45937,161476,5718,61854,10637,20410,26,118,308431,104483,53717,2474,3788,18294,1612,26788,10144,80168,131234,5040,5185,143,0,18,402,11493,127,28,0,2734,11370,93,158585,6065,6987,13042,11322,6871,6477,19851,2624,11060,4691,3087,2583,11478,2712,6015,5721,2891,4085,47714,6699,9675,2150,39327,92557,96794,10473,182,44310,38460,3088,24483,12049,555,132,1126,263,38404,8316,6009,979,588,8870,47682,20386 
British Virgin Islands,,,,,,,,,,,,,,,,,,,,,,,,,,,,,,,,,,,,,,,,,,,,,,,,,,,,,,,,,,,,,,,,,,,,,,,,,,,,,,, 
Brunei Darussalam,374459,1174,47,217,5,146,4,12,0,0,333,121,22,1,3,47,1,18,23,68,106,2,9,0,0,0,0,25,0,0,0,4,4,0,215,7,2,20,29,16,8,50,,12,10,1,2,7,5,9,6,2,4,140,0,,1,57,103,87,,0,35,55,3,12,,,0,1,0,55,10,14,2,5,10,2,8 
Bulgaria,7659764,113004,710,17992,179,2166,76,975,3,1,74380,4540,3493,35,54,1320,8,293,169,2813,3797,24,275,0,0,0,10,279,2,0,0,36,1,0,17827,462,183,1489,2584,902,996,3416,275,1273,405,409,408,808,531,414,417,165,136,2091,11,133,92,8282,15322,23105,5109,21,1752,1927,322,1876,1291,20,0,8,0,1070,359,194,121,151,902,145,855 
Canada,32982275,235217,4657,71024,904,9885,10301,11300,6,7,69834,20518,9841,346,1539,5630,24,1122,866,2464,14949,1174,127,0,0,0,13,1972,6,26,1,455,422,2,69595,1108,1627,1871,7662,1822,3785,18560,1169,5066,393,810,1544,3632,1798,4075,2300,1429,499,7394,201,15193,457,2158,36860,13981,3660,180,5272,10659,408,3227,4070,99,2,19,3,3077,2677,255,213,1355,3611,515,3246 
Cabo Verde,,,,,,,,,,,,,,,,,,,,,,,,,,,,,,,,,,,,,,,,,,,,,,,,,,,,,,,,,,,,,,,,,,,,,,,,,,,,,,, 
Cayman Islands,,152,6,30,1,3,0,5,0,0,49,15,5,0,0,4,0,4,2,6,22,0,0,0,0,0,0,5,0,0,0,0,0,0,30,0,2,1,2,0,1,6,0,3,0,0,0,6,0,0,0,0,1,2,0,0,0,11,20,5,2,0,2,4,0,2,3,0,0,0,0,12,3,4,0,0,0,2,1 
Chile,16462701,89558,1703,21569,362,4493,2698,2794,0,6,25131,9103,6314,247,522,2594,42,894,872,2557,7657,160,538,2,0,12,13,291,3,12,0,56,387,0,20685,204,706,2942,1570,874,933,2438,302,1123,617,234,331,1584,379,961,621,884,271,3503,566,3520,191,3264,8161,7943,867,17,3668,3254,202,3830,1758,64,3,27,12,2159,760,400,328,252,1848,754,1156 
Colombia,44374647,191663,7085,33456,813,9222,50,2678,0,5,57453,19321,9344,1060,1765,5076,503,5389,2733,3212,32469,1153,1200,36,0,7,15,1208,24,13,0,140,2477,64,32196,524,689,4718,2321,1577,1168,3822,606,2114,1597,436,710,2399,396,1333,1608,1260,488,7109,1530,235,257,5373,27031,14057,1928,3,6164,10430,716,2382,3184,182,47,303,137,6583,1184,977,150,135,2191,16719,4530 
Costa Rica,4369465,15938,325,3575,57,680,172,406,0,0,4706,1448,1169,75,122,378,10,365,299,224,1927,71,40,0,0,6,3,29,4,0,0,11,107,1,3385,67,43,523,332,161,170,225,50,243,95,32,61,322,56,216,157,190,29,588,20,258,54,671,2191,958,159,1,393,778,59,602,288,6,1,5,4,628,90,118,9,51,270,269,492 
Croatia,4435982,52367,407,12853,47,1351,777,740,0,1,26506,2636,2355,27,82,844,6,127,112,543,2953,11,100,2,0,0,3,215,0,0,0,53,1,0,12682,363,222,910,1738,400,631,2753,228,861,114,186,293,637,333,431,358,171,28,1323,2,465,55,1274,9676,8323,1285,24,1027,1405,190,1328,642,25,2,1,3,678,804,107,59,159,776,68,302 
Cuba,11284043,81927,793,20809,169,2365,2856,1144,10,13,32644,8797,3006,157,548,785,42,286,410,643,6450,205,39,2,0,0,5,98,1,8,0,119,158,2,20441,587,597,798,2008,720,747,4849,338,1326,473,623,250,2341,494,855,493,368,120,2136,35,2742,205,1819,15419,8433,2568,0,5271,3262,315,1122,578,81,8,17,10,1001,1754,263,23,76,1307,568,1458 
Cyprus,771688,5380,65,1109,37,387,67,131,0,0,2092,389,156,31,42,171,0,10,15,348,330,5,1,0,0,0,1,32,0,0,0,1,4,0,1069,9,12,46,120,37,67,160,21,90,10,21,33,81,29,56,37,40,29,342,1,124,14,181,779,401,70,3,89,119,8,48,126,2,0,0,0,106,29,32,6,16,19,11,111 
Czech Republic,10322689,104636,689,27709,111,2623,165,1255,0,2,52464,5715,4747,49,63,1252,3,185,164,1309,6131,49,70,0,0,0,7,450,1,0,0,26,4,0,27359,666,410,1217,3909,822,1781,5476,465,1680,314,430,700,1275,697,914,794,350,41,2430,37,526,243,2425,26278,11640,5749,55,2820,2174,530,2315,1104,14,0,3,0,1248,1005,182,50,307,1379,109,1851 
Denmark,5457415,55281,871,15429,242,1880,2863,1634,0,2,16042,5658,2667,51,331,909,2,132,176,3889,2503,143,25,0,0,0,6,404,0,7,10,18,33,0,15094,326,384,385,1824,262,862,3394,278,1233,134,173,358,1072,498,605,510,335,180,1307,29,2504,76,862,5934,4193,1196,22,1938,3282,414,895,565,25,0,2,0,385,271,52,63,146,581,46,959 
Dominica,,567,17,106,10,53,3,14,0,0,206,57,30,5,2,12,0,12,5,11,24,1,4,1,0,0,0,5,1,0,0,0,3,0,104,0,3,7,8,3,3,11,1,6,5,2,0,23,1,5,4,2,3,45,0,3,1,37,45,62,6,0,26,24,4,11,7,5,0,0,0,7,0,2,0,1,2,2,10 
Dominican Republic,,24514,1209,3510,140,1247,76,366,0,0,8315,1940,915,12,62,285,28,968,259,1408,3536,92,272,21,0,0,4,160,5,0,0,47,486,4,3386,139,61,198,212,290,117,407,81,250,131,99,20,678,34,101,102,124,127,1117,63,117,26,1014,3508,2698,119,1,622,554,118,628,244,29,5,18,5,1248,19,59,11,6,173,502,1518 
Ecuador,14205479,57971,2697,8603,558,4077,126,1007,0,0,13349,5024,3260,8,202,1840,176,1729,678,6027,8610,431,708,11,0,0,3,748,2,1,0,29,648,8,8368,85,70,1614,478,605,322,610,107,352,286,429,114,719,71,359,410,235,477,3289,522,161,90,3047,2780,3140,359,11,3016,1072,230,1814,1755,64,14,138,24,2667,429,443,97,230,1006,2298,1440 
Egypt,73435640,452831,14657,26134,4612,9009,423,5097,24,13,203125,32191,44546,218,169,15725,567,4618,6241,67893,17569,5128,643,90,0,3,31,2143,30,18,26,4765,3,2,23662,353,243,1106,1048,4677,661,2390,36,1804,103,265,211,511,1663,147,2381,2472,593,4202,251,655,949,16939,14220,34784,15917,7,11867,5566,228,41019,15536,63,8,495,63,6628,769,1447,65,78,32,60,8490 
El Salvador,5986414,31349,1218,3457,161,1664,678,669,0,0,5482,2556,1492,59,102,2085,17,311,339,4977,6082,185,77,3,0,0,0,521,0,0,0,0,364,0,3455,58,62,482,157,242,128,219,15,145,184,206,63,206,29,56,164,2,143,1277,265,34,2,454,2065,816,14,0,1467,519,146,846,1956,53,1,16,0,1546,305,242,38,229,501,3084,137 
Estonia,1340680,17409,140,3576,17,285,253,276,0,0,9057,477,725,16,55,158,0,36,43,683,1612,4,63,0,0,1,1,4,1,0,0,7,42,0,3525,80,47,336,397,75,208,702,63,217,53,60,113,196,79,129,153,51,9,250,3,113,43,1044,4681,1853,461,2,145,262,83,382,134,14,0,0,0,217,112,81,122,236,253,95,496 
Falkland Islands (Malvinas),,,,,,,,,,,,,,,,,,,,,,,,,,,,,,,,,,,,,,,,,,,,,,,,,,,,,,,,,,,,,,,,,,,,,,,,,,,,,,, 
Fiji,834729,6310,351,659,30,1249,0,65,0,0,2192,296,123,9,18,144,7,209,57,549,352,55,36,0,0,0,3,205,3,0,0,7,2,0,624,9,13,24,32,51,15,48,5,98,77,18,27,40,9,20,38,35,24,1217,2,1,22,551,668,176,23,1,87,153,18,29,124,11,1,5,1,66,9,64,26,6,13,5,163 
Finland,5288720,49093,458,11097,59,640,2540,3604,1,1,20312,2233,2637,27,243,453,1,72,171,299,4245,94,56,0,0,0,7,151,0,5,0,14,11,0,10848,152,247,475,1080,395,962,2033,223,852,44,168,306,786,228,681,327,249,17,530,5,4956,47,646,11887,4346,908,17,628,1217,214,1274,346,19,0,1,0,467,1112,143,76,894,995,116,442 
France,61963276,520535,9874,156136,2136,18737,16830,28415,10,23,145272,32022,22966,1668,3401,8525,60,1359,1543,34913,36645,1052,667,2,0,5,34,4019,6,40,1,713,728,12,149664,3964,3908,4684,16354,7374,8623,28641,2135,11379,683,2429,3355,9033,4823,7128,5517,6472,1261,10992,2413,27779,1548,8468,38147,31908,9235,233,10309,9030,782,8535,6655,146,4,44,11,4643,5409,970,484,1182,10127,374,13456 
French Guiana,216382,704,42,117,3,31,21,12,0,0,137,28,33,0,1,16,2,30,19,94,118,2,1,0,0,0,0,4,0,0,0,1,23,2,108,3,3,7,7,5,3,16,2,10,3,4,1,11,1,7,3,9,1,19,2,10,1,10,24,45,7,0,16,6,1,16,14,0,0,2,0,24,3,13,5,8,23,16,26 
Georgia,4388400,41178,293,4511,8,487,8,260,0,0,27555,869,1070,0,2,307,2,574,65,3813,1354,10,129,0,1,0,0,111,4,0,0,22,2,0,4511,60,33,294,201,179,96,497,44,288,40,137,50,110,103,63,102,0,8,482,0,3,149,483,5661,9471,925,5,217,65,118,879,293,5,1,1,0,209,23,51,89,59,104,49,770 
Germany,82262642,827155,13890,217289,2136,26377,15460,18264,4,15,358684,57956,42163,820,2189,16624,28,1464,1451,21691,30650,2122,446,3,3,3,51,7614,10,33,0,950,461,3,211765,4777,4845,10487,26433,6827,14445,41522,2974,16780,1566,2443,5564,11448,5604,9592,6962,5524,992,21871,207,14287,2224,30285,140388,62085,20575,99,21784,25792,3183,15482,12982,82,1,21,4,5170,7728,351,346,745,9409,452,6449 
Greece,11192849,109895,969,26871,,,128,1397,0,0,50139,10229,2554,31,421,2219,2,176,222,8524,4143,0,96,6,0,0,1,738,0,0,0,78,19,1,26862,264,216,1356,2248,193,1486,6188,307,1970,115,335,567,1651,1065,821,1227,9,70,1394,0,700,5,1375,12494,16280,832,0,993,2109,342,768,2115,0,0,2,0,1793,565,389,192,414,328,130,332 
Grenada,103587,751,27,164,12,85,4,8,0,0,248,70,35,10,6,24,0,6,6,12,34,2,0,1,0,0,0,16,0,0,0,0,6,0,161,1,5,5,5,5,10,11,0,10,3,2,3,32,4,11,2,3,11,75,1,3,1,24,48,65,11,0,43,12,3,9,19,4,0,0,0,6,3,5,0,0,3,1,16 
Guadeloupe,453904,2770,104,675,21,165,57,135,0,0,749,113,136,10,18,57,0,25,7,256,242,6,4,0,0,0,1,38,0,1,0,3,25,0,653,17,14,46,62,24,32,64,4,44,9,22,14,94,8,46,18,22,15,122,9,69,6,120,99,267,38,3,47,22,4,55,43,0,0,0,0,70,16,13,14,9,34,9,77 
Guatemala,13797629,68394,5619,6815,493,6328,742,1563,1,4,10566,9629,4461,165,202,1961,310,3505,942,3499,11589,3100,302,6,0,13,2,1199,1,6,3,74,651,19,6771,117,92,1485,200,955,169,411,67,140,302,356,65,471,29,98,404,44,368,3117,2568,78,7,1764,2755,1661,141,8,7679,867,679,2333,1798,44,16,294,0,419,18,72,51,179,327,4131,6392 
Guyana,745638,5026,558,453,58,512,14,85,0,0,1779,253,241,7,15,86,20,157,41,48,699,50,88,1,0,0,0,84,2,0,0,6,289,20,425,12,7,13,30,18,19,15,1,43,33,24,20,71,0,13,13,28,52,398,35,9,7,242,616,548,20,2,164,49,30,119,73,6,5,14,1,205,11,73,11,2,186,105,106 
Haiti,,,,,,,,,,,,,,,,,,,,,,,,,,,,,,,,,,,,,,,,,,,,,,,,,,,,,,,,,,,,,,,,,,,,,,,,,,,,,,, 
Honduras,,,,,,,,,,,,,,,,,,,,,,,,,,,,,,,,,,,,,,,,,,,,,,,,,,,,,,,,,,,,,,,,,,,,,,,,,,,,,,, 
Hong Kong SAR,6916300,39963,1101,12622,107,612,323,318,2,1,10738,7587,1570,243,134,1963,1,44,104,632,1855,12,231,0,0,0,0,737,2,0,0,31,21,0,12316,504,357,640,1690,1449,434,3648,47,526,129,66,142,296,170,435,281,306,58,506,13,337,102,901,4421,3513,446,20,4978,2096,121,527,1382,12,0,1,0,166,183,43,13,246,922,23,259 
Hungary,10055780,132938,480,32747,204,3455,2267,1815,0,16,66547,6771,8814,151,406,948,8,339,381,151,7438,34,220,3,0,0,9,77,0,2,0,2,9,0,31686,1581,670,1762,4779,654,1747,8155,484,2045,424,357,660,1160,850,823,872,1061,120,3029,17,2292,283,6296,33514,14524,3504,10,740,5369,845,5603,752,69,1,4,3,1529,1901,191,158,143,2450,172,894 
Iceland,311396,1943,26,585,6,32,67,149,0,0,689,157,51,2,8,24,0,5,8,15,119,0,5,0,0,0,0,17,0,0,0,1,0,0,572,6,18,20,54,10,39,139,11,49,1,4,17,56,12,20,16,13,3,26,3,153,1,18,343,175,23,6,42,96,6,13,14,1,0,0,0,18,25,4,0,1,37,2,32 
Iraq,,,,,,,,,,,,,,,,,,,,,,,,,,,,,,,,,,,,,,,,,,,,,,,,,,,,,,,,,,,,,,,,,,,,,,,,,,,,,,, 
Ireland,4339026,28117,252,8121,95,727,465,916,0,1,9956,3324,1162,60,230,666,2,84,195,102,1759,49,53,0,0,1,6,85,1,4,0,8,15,0,7917,126,329,324,911,204,465,1668,174,611,85,82,269,514,170,406,239,204,46,514,6,839,46,314,5375,2078,505,3,1125,1496,106,382,457,10,0,2,0,305,247,51,42,301,458,49,306 
Israel,7180115,39948,1383,10115,287,3098,571,1137,3,3,11304,3272,1397,498,254,2052,7,253,277,2139,1898,113,38,0,0,3,6,972,1,1,0,111,38,0,9839,82,112,471,1304,289,657,1551,215,925,65,160,245,393,239,636,470,276,180,2444,23,789,174,816,5222,2525,336,4,988,1214,45,372,1617,8,0,7,0,437,93,47,35,7,326,144,809 
Italy,59375289,572881,7936,171625,2726,24484,9300,20702,28,24,224311,37812,23203,929,3251,9820,13,1145,1319,9794,24459,193,394,27,0,0,20,3008,7,36,1,1725,1022,6,163806,2801,1764,10522,18349,9725,9834,32934,2193,11916,417,2404,3256,7502,5482,8107,5773,7819,1933,19898,458,18266,1848,25245,75119,61577,9352,411,7062,21246,869,9875,8531,211,1,12,0,5831,2958,387,201,520,3757,560,10245 
Jamaica,,,,,,,,,,,,,,,,,,,,,,,,,,,,,,,,,,,,,,,,,,,,,,,,,,,,,,,,,,,,,,,,,,,,,,,,,,,,,,, 
Japan,126085000,1108334,24408,346523,4131,20321,5781,15303,5,30,327486,168078,43066,978,5013,28975,39,804,2322,41245,73826,2228,3935,7,0,1,1,9265,15,22,2,5659,65,0,336468,6399,11669,50597,42172,33599,24634,65608,1241,11323,2441,3181,4467,9786,6174,13227,7607,10055,1625,13999,1604,8373,2451,6144,75140,127041,15422,696,110159,18895,3274,16195,25562,96,2,28,5,8268,6951,5966,1455,855,30829,517,18985 
Jordan,,,,,,,,,,,,,,,,,,,,,,,,,,,,,,,,,,,,,,,,,,,,,,,,,,,,,,,,,,,,,,,,,,,,,,,,,,,,,,, 
Kazakhstan,15484192,158294,3612,18224,176,1392,430,1382,1,7,81793,8691,7831,86,197,1399,107,2187,1336,6955,22488,105,2800,1,1,0,53,347,6,2,1,72,87,0,18073,473,1229,2395,1559,983,860,3298,,1340,563,320,418,371,336,178,527,151,100,1220,69,,480,5110,36735,19856,,61,3250,4307,469,5904,,,7,86,13,4934,528,1199,348,3069,4168,1957,6285 
Kiribati,,,,,,,,,,,,,,,,,,,,,,,,,,,,,,,,,,,,,,,,,,,,,,,,,,,,,,,,,,,,,,,,,,,,,,,,,,,,,,, 
Kuwait,3328136,5293,138,689,19,209,4,79,0,0,2110,306,129,13,1,146,0,202,239,127,882,7,33,1,0,0,0,55,0,0,0,38,1,1,673,5,9,25,64,58,32,92,3,81,6,11,13,23,22,31,64,16,9,199,0,3,8,124,856,532,40,0,201,67,9,67,133,0,0,0,0,516,73,21,39,26,57,27,123 
Kyrgyzstan,5207040,38181,1180,3007,51,398,114,555,0,2,18421,3588,2658,11,163,742,64,2262,514,721,3730,218,712,0,0,2,28,58,6,0,0,43,35,0,2957,83,143,569,191,233,99,359,44,211,195,58,80,47,54,44,91,50,34,363,13,18,233,413,10270,6416,179,76,987,2209,92,2299,729,3,2,47,15,968,125,237,62,561,485,312,980 
Latvia,2200325,33056,294,5997,40,428,210,368,0,2,18043,880,1291,41,67,335,6,95,93,2016,2850,7,144,0,1,0,1,22,0,1,0,31,42,0,5913,164,104,551,695,140,331,1064,120,387,109,148,176,348,182,165,180,84,25,366,4,191,82,808,9586,5203,612,10,403,358,136,633,294,31,3,3,0,486,288,237,187,347,453,190,662 
Lithuania,3231294,45624,504,8395,32,352,104,592,2,4,24307,1953,2725,60,96,369,2,71,123,687,5246,2,352,0,0,0,2,88,1,0,0,13,11,1,8282,237,196,786,920,166,438,1450,150,567,200,138,262,582,224,271,273,113,21,301,3,162,138,594,15013,5621,1127,8,776,1068,259,1738,330,19,0,1,1,877,518,381,113,778,1025,242,1312 
Luxembourg,480006,3691,112,1026,12,81,90,116,0,0,1367,282,169,3,14,54,1,4,6,109,245,14,2,0,0,0,0,63,0,0,0,3,4,0,994,14,26,31,124,32,56,238,9,66,6,20,25,59,32,52,39,32,9,49,4,118,2,43,391,316,63,5,89,122,4,84,50,0,0,1,0,30,34,0,0,26,78,6,71 
Macau,,,,,,,,,,,,,,,,,,,,,,,,,,,,,,,,,,,,,,,,,,,,,,,,,,,,,,,,,,,,,,,,,,,,,,,,,,,,,,, 
Malaysia,,71030,7441,8776,501,1681,63,954,2,3,19025,8199,2550,360,311,1690,137,1227,925,8924,8261,121,815,9,0,0,9,4745,3,0,4,181,378,15,8325,472,139,341,791,700,258,1570,52,834,256,96,219,165,92,403,492,451,157,1265,17,30,125,638,9105,4858,315,0,4223,1717,231,940,1347,2,8,105,24,4132,106,344,35,11,62,303,3268 
Maldives,315515,1119,58,57,9,25,2,28,0,0,425,138,30,2,1,45,2,39,14,195,49,0,5,0,0,0,0,36,0,0,0,3,0,0,56,4,0,1,1,7,0,6,0,3,1,0,1,3,1,5,2,1,8,13,1,2,2,167,61,89,1,0,13,67,0,9,43,1,0,2,0,6,1,9,2,1,5,0,25 
Malta,406778,3111,22,826,8,126,90,64,0,0,1265,281,101,43,12,59,0,12,22,39,141,2,6,0,0,0,1,6,0,0,0,2,1,0,804,18,19,36,114,15,62,126,11,74,4,23,27,28,34,35,25,22,7,116,0,95,7,30,651,330,59,0,62,97,12,33,43,1,0,0,0,16,50,4,4,12,26,3,26 
Martinique,396748,2809,73,685,13,191,63,163,0,1,788,158,127,15,18,55,4,30,12,226,187,6,0,0,0,0,0,26,0,0,0,1,11,0,641,15,14,48,49,22,37,61,3,41,6,20,13,113,6,42,37,44,11,129,12,118,7,92,102,261,62,5,69,29,11,32,34,2,0,2,2,44,17,10,5,6,32,21,52 
Mauritius,1223089,8323,156,935,41,1923,65,106,0,0,3027,571,429,15,24,134,6,152,59,152,528,15,13,1,0,0,1,58,0,0,0,4,57,0,908,41,29,80,99,48,42,114,3,91,18,47,25,44,24,28,32,27,26,1878,17,28,7,468,1180,769,10,0,114,205,25,265,129,1,0,4,2,148,40,38,17,8,127,44,106 
Mayotte,,,,,,,,,,,,,,,,,,,,,,,,,,,,,,,,,,,,,,,,,,,,,,,,,,,,,,,,,,,,,,,,,,,,,,,,,,,,,,, 
Mexico,113139374,502075,17814,67413,4226,83852,3959,9148,21,52,116802,42622,48705,1371,4183,14443,1122,14807,8701,9916,52762,3660,2285,28,0,4,7,4228,22,0,0,1254,5064,0,63764,866,903,5228,3635,4715,3385,6492,1210,4518,3951,580,1625,4840,975,3225,3712,3649,3317,69177,8506,2098,1056,14278,54454,28678,2022,29,12583,20875,2521,29945,11914,589,81,771,228,15256,2125,2470,624,1119,4309,8450,18409 
Monaco,,,,,,,,,,,,,,,,,,,,,,,,,,,,,,,,,,,,,,,,,,,,,,,,,,,,,,,,,,,,,,,,,,,,,,,,,,,,,,, 
Mongolia,,,,,,,,,,,,,,,,,,,,,,,,,,,,,,,,,,,,,,,,,,,,,,,,,,,,,,,,,,,,,,,,,,,,,,,,,,,,,,, 
Montenegro,626189,5979,13,943,4,91,25,15,0,0,3336,236,134,2,0,94,1,41,8,803,233,0,7,0,0,0,0,2,1,0,0,0,1,0,943,12,12,40,67,35,33,293,16,81,17,10,9,50,23,20,21,0,3,89,0,22,0,1,435,633,42,0,30,2,14,48,94,0,0,1,0,79,9,8,1,3,121,5,7 
Montserrat,,44,3,8,2,9,0,0,0,0,18,1,1,0,1,0,0,0,0,1,0,1,0,0,0,0,0,2,0,0,0,0,0,0,8,0,0,1,0,0,0,2,0,1,0,0,0,3,0,0,0,0,2,9,0,0,0,8,3,2,1,0,0,0,0,1,0,0,0,0,0,0,0,0,0,0,0,0,0 
Morocco,,,,,,,,,,,,,,,,,,,,,,,,,,,,,,,,,,,,,,,,,,,,,,,,,,,,,,,,,,,,,,,,,,,,,,,,,,,,,,, 
Netherlands,16381696,133022,1848,40894,485,4051,6473,3791,6,10,40849,13536,5396,381,797,3094,9,429,452,5310,5211,131,54,0,0,0,9,955,2,2,0,40,66,2,39785,535,1474,1413,4854,647,2209,9773,733,3180,204,397,911,2425,1142,1757,1101,1109,375,3266,92,7324,11,942,11876,9419,3189,83,5192,6432,234,988,1717,58,0,7,2,799,1330,76,31,113,1354,143,1365 
Netherlands Antilles,,,,,,,,,,,,,,,,,,,,,,,,,,,,,,,,,,,,,,,,,,,,,,,,,,,,,,,,,,,,,,,,,,,,,,,,,,,,,,, 
New Zealand,4228150,28601,214,8582,63,1120,821,1109,2,2,10482,2341,803,71,238,505,13,124,186,90,1835,59,16,1,0,0,8,53,0,5,0,24,11,0,8417,123,244,297,1253,203,428,1528,414,643,65,97,199,575,169,517,306,165,29,847,8,1300,199,312,5634,2624,521,10,415,1647,77,150,353,20,1,6,6,481,422,60,18,84,494,57,219 
Nicaragua,,17312,673,2167,99,1319,182,262,0,2,4486,1425,1137,44,77,1009,88,1083,392,626,2234,190,157,0,0,1,2,158,1,0,0,11,90,0,2129,38,16,294,128,216,87,151,29,111,244,17,28,149,16,94,127,38,76,1170,104,35,24,583,2038,1163,34,0,764,541,63,689,969,18,4,64,20,519,75,168,13,75,352,468,564 
Norway,4709153,41963,835,10891,119,1146,1659,1387,0,0,14610,4242,1230,83,218,1025,4,98,138,1892,2386,167,34,0,0,0,2,345,1,15,0,14,9,1,10695,147,180,385,1543,144,659,2100,312,662,84,154,351,1090,341,558,320,196,74,823,0,2019,31,433,5842,3430,911,41,1861,2011,172,248,572,32,0,4,0,271,348,52,68,341,485,33,788 
Occupied Palestinian Territory,,,,,,,,,,,,,,,,,,,,,,,,,,,,,,,,,,,,,,,,,,,,,,,,,,,,,,,,,,,,,,,,,,,,,,,,,,,,,,, 
Oman,,,,,,,,,,,,,,,,,,,,,,,,,,,,,,,,,,,,,,,,,,,,,,,,,,,,,,,,,,,,,,,,,,,,,,,,,,,,,,, 
Panama,3438398,14777,1135,2532,78,1012,26,383,0,0,4172,1411,608,53,79,532,40,354,292,455,1615,215,175,1,0,7,3,217,6,0,0,11,460,1,2464,55,37,265,212,98,86,236,37,151,107,34,45,305,27,136,125,68,67,811,124,68,31,249,1620,1409,112,8,573,481,48,269,442,17,3,30,7,453,81,120,13,30,171,477,270 
Paraguay,5966160,23007,962,3324,74,1876,49,287,0,0,5926,1412,884,21,96,485,121,860,390,3691,2544,148,159,3,0,0,3,346,10,1,0,6,173,0,3103,82,93,221,217,80,126,372,48,257,227,168,44,277,34,128,185,221,49,1594,179,44,35,616,1826,2125,142,1,783,321,67,314,351,18,33,70,18,886,42,100,33,28,227,600,628 
Peru,,87497,9084,16580,462,3468,0,834,0,0,16794,15549,6627,39,197,4216,155,2372,1106,231,9782,519,1505,10,0,2,4,5856,14,5,0,134,729,5,16578,170,200,2635,964,1146,683,1526,259,756,890,445,278,1215,174,813,698,2,431,2117,1239,151,93,3165,4719,4393,579,7,9620,1613,346,3521,3844,67,7,145,2,2220,206,433,90,384,407,464,5578 
Philippines,88965508,441913,40355,47048,3238,27037,424,6200,31,64,145961,60381,21051,1637,1718,16181,1671,12502,4819,17213,34382,4911,23994,667,7,1,50,6824,11,16,34,794,15,155,44399,2121,480,1397,3739,5549,1123,7757,295,4951,1313,1190,1128,2156,307,1327,2437,2649,2444,21015,2007,545,2128,16808,50922,48969,2771,128,35509,21149,6378,7691,14397,474,149,1421,100,7305,1743,2842,400,535,1698,12603,7256 
Poland,38115967,377226,2274,95809,488,6758,2156,4881,0,3,171372,19422,16755,43,522,4628,11,1219,1041,25093,24751,44,775,9,1,0,20,927,3,2,0,229,123,1,92932,2110,1525,5610,9969,1949,4376,22148,1592,5255,1907,1224,2485,3932,2988,3094,2707,2877,298,6359,59,1814,940,5927,48266,37933,36048,18,8900,8639,1684,7539,4513,24,3,7,1,6064,3867,958,571,1754,5284,522,5731 
Portugal,10542964,103888,2462,24006,307,5218,177,2612,0,11,34255,10967,4550,43,238,2606,5,174,169,11627,4461,56,258,2,0,0,9,1091,2,1,0,105,790,3,23431,640,520,2363,3481,779,1089,3373,346,1579,238,395,376,1728,747,1091,722,575,229,4395,57,1493,173,1504,8101,14968,2016,20,4610,2639,221,2054,1932,21,0,4,1,1184,359,65,73,26,1020,111,1623 
Puerto Rico,3738549,29169,1540,5125,315,3321,355,1997,0,1,7904,2828,1411,169,131,1263,12,210,133,227,2227,20,15,1,0,0,3,875,3,2,0,95,385,0,4975,125,131,218,633,284,220,608,60,417,42,106,92,513,98,328,170,150,188,2724,43,1734,13,887,3728,1650,178,0,1015,1108,27,762,1052,2,0,8,4,470,224,38,10,169,271,720,325 
Qatar,1178955,1781,13,170,8,110,1,26,0,0,262,59,50,2,4,62,5,51,60,458,440,0,1,0,0,0,0,5,0,0,0,2,0,0,162,5,4,10,15,15,6,14,0,18,2,1,7,6,1,12,17,8,3,101,0,2,1,63,140,31,6,0,10,7,0,30,61,0,0,0,4,246,58,19,12,8,41,9,47 
Republic of Korea,49130354,244874,5349,68335,502,11959,4219,5158,4,2,57574,14864,10762,413,1900,3875,48,904,599,28270,30137,218,2629,4,0,0,1,1086,2,3,1,1024,105,3,67561,949,1449,10563,6650,11144,3569,14278,339,1670,987,254,825,1107,948,1950,1447,774,330,11272,55,4893,248,5402,14497,29277,1078,7,4556,7523,532,7314,3472,105,2,42,4,7604,2996,718,315,218,12174,703,5409 
Republic of Moldova,3576910,43050,746,5459,20,435,204,473,0,4,24178,2580,4270,32,38,367,7,149,164,277,3647,10,635,0,0,0,7,10,0,0,0,4,62,0,5387,232,85,530,751,385,295,870,93,443,163,103,94,133,135,170,121,72,16,366,7,190,176,634,15709,6999,173,1,927,1537,157,3480,338,23,1,1,4,589,166,261,135,424,562,246,1264 
Reunion,808870,3981,107,930,15,288,137,167,0,0,1129,285,212,10,18,57,4,53,32,195,342,15,8,0,0,0,0,35,1,0,0,6,6,0,872,50,39,72,80,46,46,137,13,51,14,7,11,45,21,27,26,58,7,238,6,91,15,119,308,323,68,8,75,101,12,104,46,3,1,3,0,70,42,18,5,20,92,12,83 
Rodrigues,37314,175,5,32,0,29,0,1,0,0,62,15,4,0,0,2,0,9,2,2,12,0,1,0,0,0,0,2,0,0,0,0,2,0,31,1,2,5,6,1,1,3,1,3,1,1,0,2,0,0,0,1,0,26,2,1,2,17,26,7,0,0,3,5,0,3,0,2,0,0,0,0,0,4,0,0,1,0,7 
Romania,21537563,251965,2375,45383,104,2382,252,2018,0,1,154516,12657,14568,62,46,2294,33,958,757,966,12593,43,1606,3,0,0,12,404,1,0,0,51,169,0,45001,1885,645,3630,4971,2323,2471,9087,785,3049,1837,589,906,1714,1294,1112,1205,382,55,2289,57,663,645,22627,52955,51023,13112,20,5462,5874,581,10260,2087,190,11,22,0,3644,1327,992,439,1037,2430,447,2277 
Russian Federation,142114904,2080445,34416,288563,1258,10906,6520,14159,12,171,1185170,77947,87680,1856,1853,11017,356,6809,5681,86659,259412,445,26114,3,10,8,368,1429,50,0,1,1129,3626,3,285921,8246,6454,37456,37111,8126,14473,51912,,22834,6171,6167,7636,8909,7055,5334,7463,2642,747,9745,254,,4838,28643,594183,409796,,97,37507,34701,8146,49082,,,53,249,51,39138,11048,12762,10056,43768,41329,25377,75934 
Saint Kitts and Nevis,,345,7,67,4,41,2,7,0,0,109,19,15,2,2,10,0,12,3,1,44,0,1,0,0,0,0,1,0,0,0,0,5,0,67,3,0,2,5,9,2,0,1,8,2,2,1,14,1,3,5,0,3,30,0,5,0,14,27,47,4,0,7,3,0,7,7,0,0,0,0,7,8,0,3,1,1,4,20 
Saint Lucia,,,,,,,,,,,,,,,,,,,,,,,,,,,,,,,,,,,,,,,,,,,,,,,,,,,,,,,,,,,,,,,,,,,,,,,,,,,,,,, 
Saint Pierre and Miquelon,,,,,,,,,,,,,,,,,,,,,,,,,,,,,,,,,,,,,,,,,,,,,,,,,,,,,,,,,,,,,,,,,,,,,,,,,,,,,,, 
Saint Vincent and the Grenadines,109049,751,44,103,9,90,5,15,0,1,285,43,24,8,4,15,0,23,8,3,71,0,3,0,0,0,0,5,1,0,0,0,31,0,100,7,0,4,5,3,4,7,1,6,5,6,1,21,0,9,4,3,6,75,4,5,1,43,113,91,1,0,25,9,4,8,7,4,0,0,0,8,6,2,0,0,11,37,7 
San Marino,,,,,,,,,,,,,,,,,,,,,,,,,,,,,,,,,,,,,,,,,,,,,,,,,,,,,,,,,,,,,,,,,,,,,,,,,,,,,,, 
Sao Tome and Principe,,,,,,,,,,,,,,,,,,,,,,,,,,,,,,,,,,,,,,,,,,,,,,,,,,,,,,,,,,,,,,,,,,,,,,,,,,,,,,, 
Saudi Arabia,,,,,,,,,,,,,,,,,,,,,,,,,,,,,,,,,,,,,,,,,,,,,,,,,,,,,,,,,,,,,,,,,,,,,,,,,,,,,,, 
Serbia,7381579,102805,436,20760,182,3085,720,1212,0,0,57608,4026,3441,73,142,1843,0,298,155,4955,3869,10,220,10,0,0,6,111,1,0,0,36,14,0,20417,524,256,1125,2403,780,966,4785,381,1623,523,306,390,948,620,512,565,343,95,3005,7,490,124,3383,12824,16959,2198,4,605,2598,574,1032,1740,71,0,0,0,955,291,115,83,76,1354,200,795 
Seychelles,90841,630,52,117,3,26,0,13,0,0,191,78,40,1,3,30,0,8,6,20,42,0,1,0,0,0,1,29,0,0,0,1,5,0,117,8,1,5,12,5,1,12,,12,9,1,0,20,7,5,3,0,3,23,0,,1,56,40,26,,0,45,21,4,12,,,0,0,0,16,2,7,0,0,6,5,6 
Singapore,3583100,16044,274,4561,,,4,54,0,0,5469,2833,368,67,49,720,2,23,46,40,815,19,80,0,0,0,0,130,0,0,0,7,0,1,4505,230,86,322,705,322,240,1022,10,340,76,41,94,107,58,137,102,56,3,591,0,16,21,413,3196,1406,100,0,2274,481,38,109,332,2,0,2,0,183,122,16,2,15,328,16,133 
Slovakia,5397766,53856,297,11966,74,706,5,751,0,1,29231,3156,2981,0,60,702,0,145,146,667,2968,10,35,0,0,0,2,208,0,0,0,17,1,0,11867,646,272,724,1767,346,700,2023,205,781,237,251,257,498,258,398,330,99,19,640,1,243,95,1428,16089,5243,3198,10,1885,820,263,1717,640,11,0,0,0,0,0,0,0,0,0,0,2968 
Slovenia,2019406,18584,165,5606,41,293,76,227,0,0,7602,1061,1193,36,61,316,3,22,48,237,1597,2,29,0,0,0,0,95,0,0,0,11,3,0,5536,151,99,360,779,182,299,1129,126,399,44,79,133,347,168,236,153,70,17,267,1,55,87,646,1948,1683,407,0,527,409,91,663,257,2,0,2,1,319,485,28,13,37,434,21,260 
South Africa,49693580,601133,152515,34774,19081,29386,1818,16214,27,84,82561,82885,15928,1306,1956,8241,1762,12238,1961,83293,54125,37305,77158,19,1,2,125,5181,107,8,8,268,13498,278,33662,1044,3076,1202,1951,1649,1244,4685,536,2691,2586,444,587,2208,509,1521,868,1112,3389,20139,2288,1721,485,13375,12503,25315,1554,571,49055,15306,1599,5494,7389,111,151,861,750,6146,124,908,1616,774,420,5636,38501 
Spain,44873567,385361,7776,103329,1289,12237,12309,16707,8,8,124126,44029,19650,1186,3384,10170,13,969,890,11364,15917,509,409,0,0,4,62,3899,5,10,0,994,1307,8,99994,2204,1777,5747,13516,4544,4976,19992,1365,5983,629,1313,1845,5584,4571,4288,3087,3335,859,10152,139,22200,1368,7486,37222,33034,6007,71,8581,15699,503,6451,7028,121,4,9,0,4203,1740,482,189,768,3264,349,4922 
Sri Lanka,,,,,,,,,,,,,,,,,,,,,,,,,,,,,,,,,,,,,,,,,,,,,,,,,,,,,,,,,,,,,,,,,,,,,,,,,,,,,,, 
Suriname,500953,2874,216,310,21,219,9,44,0,0,847,156,155,21,13,74,11,119,37,257,365,8,7,2,0,0,0,23,0,1,0,12,142,1,310,4,3,13,25,10,12,43,2,24,21,1,9,31,5,13,10,0,13,189,6,1,2,74,252,386,23,0,102,40,14,56,59,2,2,7,2,93,11,3,8,2,119,40,89 
Sweden,9148092,91820,1623,22631,322,2364,5027,3125,1,4,37960,5696,3028,151,500,1197,2,119,243,2992,4835,172,61,0,0,0,4,711,1,28,1,69,27,0,21840,298,399,737,2647,588,1536,3439,544,1477,162,318,600,2470,688,1197,764,791,212,1960,64,6261,150,1342,16804,7930,2398,59,2142,2710,407,757,823,36,0,0,0,499,795,108,78,351,1126,108,1770 
Switzerland,7551117,61089,639,16497,146,1730,3117,2800,1,2,22613,3733,2514,84,487,777,1,177,230,1759,3782,49,28,0,0,0,3,226,2,12,0,24,60,1,16020,375,440,542,1740,648,1026,3013,378,1268,91,221,416,1260,451,860,509,477,88,1430,25,4106,96,2481,9035,4125,1183,37,1339,1810,150,732,520,40,0,1,0,415,1308,51,14,208,1360,45,381 
Syrian Arab Republic,,58260,768,3269,146,905,134,1347,0,0,29480,5275,1119,12,14,1617,38,2973,1956,5905,3302,34,34,9,3,7,7,607,0,23,1,1,9,0,2494,39,29,205,216,157,137,513,,179,8,35,31,136,82,108,242,,132,648,97,,11,463,11856,4060,,1,1091,235,20,618,,,0,37,1,1704,135,122,135,262,29,210,705 
Tajikistan,,,,,,,,,,,,,,,,,,,,,,,,,,,,,,,,,,,,,,,,,,,,,,,,,,,,,,,,,,,,,,,,,,,,,,,,,,,,,,, 
TFYR Macedonia,2043559,19594,92,3524,11,712,12,140,0,0,11307,706,364,0,1,296,0,144,53,1489,743,2,55,0,0,0,1,19,0,0,0,10,1,0,3507,54,28,373,385,207,158,759,103,271,38,84,70,141,90,66,79,17,8,707,0,20,20,773,1935,3867,413,4,97,375,36,172,286,8,0,0,0,178,94,25,20,25,159,48,194 
Thailand,62933515,393254,38109,53434,594,8505,658,5259,0,1,34742,25414,13072,951,882,14094,97,2746,1454,150358,42884,940,4863,59,6,0,3,23401,1,8,3,246,5522,97,53211,1526,879,1062,1718,13419,648,8368,218,2172,1652,572,546,562,361,87,1874,223,281,7686,61,244,46,2291,13087,12995,759,43,12650,5692,164,7853,13538,39,11,81,5,10053,894,4098,245,90,3756,3467,20281 
Trinidad and Tobago,1309260,9653,413,1467,69,1506,45,220,1,2,3210,467,402,44,72,250,6,116,81,171,1111,9,19,0,0,0,0,94,0,0,0,5,251,0,1409,30,11,37,132,34,69,123,8,163,76,53,45,301,11,89,28,58,51,1385,17,79,15,367,1435,854,88,4,208,132,66,132,189,26,2,4,0,224,41,53,17,12,131,420,213 
Tunisia,,,,,,,,,,,,,,,,,,,,,,,,,,,,,,,,,,,,,,,,,,,,,,,,,,,,,,,,,,,,,,,,,,,,,,,,,,,,,,, 
Turkey,,,,,,,,,,,,,,,,,,,,,,,,,,,,,,,,,,,,,,,,,,,,,,,,,,,,,,,,,,,,,,,,,,,,,,,,,,,,,,, 
Turkmenistan,4858235,28536,917,2075,54,433,182,325,2,1,15680,1790,1803,5,46,392,20,438,193,2126,2054,103,647,1,0,0,15,69,0,0,1,32,0,0,2041,73,279,238,70,136,36,189,,171,93,30,48,21,15,18,80,34,35,411,3,,139,2323,7590,3416,,11,516,375,88,1532,,,1,16,0,462,29,204,199,191,354,101,514 
Turks and Caicos Islands,,55,2,1,1,2,0,1,0,0,17,2,1,0,0,1,0,0,0,10,17,0,0,0,0,0,0,1,0,0,0,0,1,0,1,0,1,0,0,0,0,0,0,0,0,0,0,0,0,0,0,0,1,0,0,0,1,9,2,0,0,0,1,1,0,1,1,0,0,0,0,4,0,0,0,0,0,2,11 
Ukraine,46329000,762877,16802,90030,351,3087,3014,7047,2,55,480624,25075,33595,559,721,3295,94,2507,2212,27829,65978,54,10506,18,8,0,129,628,12,1,0,131,4541,0,89197,3376,1528,9905,11867,1651,4190,15026,,7862,2214,2167,2393,3202,2452,1595,2606,833,153,2709,42,,1710,645,321106,102503,,5,6552,16078,1610,24652,,,3,51,39,11463,3575,4296,2698,11703,10037,4229,17977 
United Arab Emirates,6010100,7414,330,674,,,1,,,,1083,533,115,0,0,112,1,176,292,1804,1370,5,,1,,1,1,248,,,0,,,1,,,,38,74,,,92,,68,21,,,,,,45,,13,286,,,,192,124,262,,0,173,,13,102,,1,1,0,,,136,,38,7,102,26, 
United Kingdom,60975355,574687,9287,159617,1184,8518,19979,18510,7,16,193766,78388,29467,1980,4770,12832,56,2003,1981,11598,20728,4420,386,1,0,5,86,2995,0,35,1,249,267,5,155909,2148,7371,5253,16047,3220,7759,34600,2623,12014,942,1665,4227,10256,4927,7675,4372,3708,517,6362,96,24741,1233,4823,91731,53269,12427,37,31498,29473,3091,8908,5215,178,5,32,18,3391,4088,224,298,1533,3897,239,7058 
United States of America,301579895,2423895,66856,577098,9745,99038,90279,127001,45,65,810321,227320,89159,3883,13918,64746,769,14600,10424,33503,185125,6800,621,5,1,9,87,34830,54,311,0,7408,11295,5,562894,8067,13592,11389,53589,17147,34118,158762,11234,40601,4021,7457,14622,29095,13843,33167,21827,14204,4829,71390,2644,156044,3201,57738,406389,135959,30172,411,52314,127926,3007,38966,48651,491,31,381,135,46077,22636,3460,3286,29849,34602,18368,26847 
Uruguay,3339750,33783,695,7715,126,1037,803,1511,0,1,10574,3495,1301,212,173,788,13,221,164,2812,2102,75,73,1,0,0,5,296,1,1,0,10,172,0,7462,143,267,461,932,91,411,1185,43,612,95,119,129,596,193,305,181,253,95,714,66,1411,22,620,2803,3380,473,1,1301,1333,58,355,528,27,2,11,0,431,47,107,38,26,591,155,707 
Uzbekistan,,,,,,,,,,,,,,,,,,,,,,,,,,,,,,,,,,,,,,,,,,,,,,,,,,,,,,,,,,,,,,,,,,,,,,,,,,,,,,, 
Venezuela (Bolivarian Republic of),27670659,127459,5889,20839,354,8738,82,1815,0,1,37739,7826,5342,15,512,1937,332,4979,2209,762,28088,1294,692,12,0,8,16,881,28,1,1,113,1670,16,19254,369,275,1951,1338,790,722,2958,367,1465,1215,475,395,1873,281,887,809,1585,249,7828,611,301,123,4558,19308,9698,692,21,3044,3442,476,2785,1642,134,45,205,82,7517,747,525,95,135,897,9474,8698 
Virgin Islands (USA),107166,703,24,123,2,48,17,23,0,0,276,34,19,4,4,13,0,5,7,17,87,0,0,0,0,0,0,12,0,0,0,2,8,0,116,3,2,5,16,6,1,10,2,10,2,2,6,18,4,9,2,7,2,45,0,18,0,53,148,40,4,0,14,17,0,13,13,0,0,0,0,15,3,4,0,4,11,43,7 
Zimbabwe,,,,,,,,,,,,,,,,,,,,,,,,,,,,,,,,,,,,,,,,,,,,,,,,,,,,,,,,,,,,,,,,,,,,,,,,,,,,,,, 
